character_chosen,card_name,n_offered,pick_rate,win_rate_lift,floors_gained_lift
DEFECT,Auto Shields+1,84495,0.33241020178708797,-0.13883843410003133,0.3643346373264311
WATCHER,Sanctity+1,64933,0.3261053701507708,0.0036332295155824257,1.5027995415161204
WATCHER,TalkToTheHand,313725,0.46700772969957766,0.03294986802182398,2.121225232185129
THE_SILENT,Doppelganger+1,20763,0.23744160285122573,0.02511387556915362,0.45566875818075303
THE_SILENT,Malaise+1,21031,0.3242832009890162,0.062153084090202315,1.2646815867514931
WATCHER,Wallop+1,65822,0.46987329464312844,-0.011902873030495975,1.7629090946371004
WATCHER,Nirvana+1,63227,0.18645515365271165,-0.06836235073946306,-0.796597589355251
WATCHER,Bandage Up,11148,0.478740581270183,-0.1273660690232099,1.359227605105124
IRONCLAD,Backflip+1,1234,0.5016207455429498,0.019675059432339104,0.17422540945926457
IRONCLAD,Flash of Steel+1,3100,0.522258064516129,0.010801425843263268,0.32223357087656446
IRONCLAD,Sword Boomerang,1811337,0.16103574321067807,-0.025720256895911703,1.7708691036570947
DEFECT,Rainbow,328892,0.3535932768203544,-0.05117121531854674,0.5673292647954931
DEFECT,Blizzard+1,83470,0.23495866778483288,0.020224020973211854,0.2845859762386951
WATCHER,SignatureMove+1,65370,0.19935750344194586,-0.10753334308718782,1.004228095365674
DEFECT,Sweeping Beam+1,261389,0.21711319145029057,-0.11678486061362067,1.3669876428515018
DEFECT,Forethought,16340,0.1561811505507956,-0.09008753693412017,-0.259586501551027
DEFECT,Core Surge+1,16383,0.4933772813282061,-0.0324061804560814,0.6112563628260403
IRONCLAD,Exhume+1,24247,0.33146368622922423,0.03906953474050501,-1.575157194397871
IRONCLAD,Apotheosis,26120,0.73395865237366,0.019526175336829432,7.5560806630697925
THE_SILENT,Cloak And Dagger,1232399,0.3595101910988243,-0.029926918221425347,1.634545379900679
THE_SILENT,Eviscerate+1,101098,0.12741102692437042,-0.051698154353495174,0.24071224325647833
WATCHER,WaveOfTheHand,312733,0.1690419623128995,-0.03868236491390953,-1.673214507636498
DEFECT,Glacier+1,85288,0.5124284776287402,0.015570256573005703,1.993832878103964
WATCHER,Prostrate+1,172033,0.3778693622735173,-0.11022248840248111,-0.02209228816769304
DEFECT,Electrodynamics+1,21547,0.7168051236831113,-0.055751246824911005,3.7942719956912505
WATCHER,Dark Shackles+1,1621,0.4355336212214682,-0.09165157355377013,-0.30146287094227375
DEFECT,The Bomb,12960,0.39753086419753086,-0.07096082374503615,0.6529471286019763
IRONCLAD,Evaluate,2314,0.26836646499567846,-0.08254886798249494,-0.002422592602103535
THE_SILENT,Prepared,1460779,0.18770806535417062,-0.017816113789573235,-1.065638127223309
IRONCLAD,Second Wind+1,119826,0.2037621217431943,-0.011139298382932594,0.35568031955760127
IRONCLAD,Burning Pact,634309,0.16054635832062922,0.008464438571365723,-1.7246124984945261
DEFECT,Blizzard,437384,0.15799846359263256,0.011567134828450037,-0.2858923661207946
WATCHER,JustLucky+1,185215,0.19801851901843803,-0.08995104024398426,0.5437336448369319
WATCHER,Tantrum+1,65725,0.4106047926968429,-0.02843501136898341,2.3314688330871682
IRONCLAD,Headbutt,1806252,0.18696173069981376,-0.04405416505119006,1.9833270178077527
THE_SILENT,Setup+1,69087,0.15261916134728676,-0.1139982330666664,-0.5959141380638808
DEFECT,Turbo,1229779,0.12314001133537002,-0.021017072579479407,-0.8771822595999446
IRONCLAD,Havoc+1,260400,0.12782258064516128,-0.02161630897394845,0.6865651727598632
WATCHER,Omniscience+1,16296,0.4007118311242023,0.0887846982326721,-0.013951142805975536
WATCHER,Perseverance+1,65425,0.37517768437141763,-0.09705492976554625,0.6049216087094749
WATCHER,Madness,11964,0.2934637245068539,-0.04284147542177269,-0.07806955631795631
THE_SILENT,Good Instincts+1,2290,0.35109170305676857,-0.05757216608746307,-0.4247186008048587
IRONCLAD,Disarm,633736,0.2857530580557204,0.0028407551940852482,0.5928987771979273
DEFECT,Hologram,1375827,0.16111037216161625,-0.000445619453899343,0.11514347825684013
DEFECT,Go for the Eyes+1,261800,0.2910198624904507,-0.04815517720544743,1.493188087102041
DEFECT,Core Surge,273519,0.4304125124762814,-0.02526309502502211,0.5399789785670706
IRONCLAD,Infernal Blade,634316,0.2979130275761608,-0.056630423749186226,1.258157019341887
THE_SILENT,Backstab+1,102254,0.5479981223228431,-0.11962798037724243,1.2699125394209858
DEFECT,Machine Learning,333147,0.35017874992120596,0.002135259968194858,-0.13827799324857892
IRONCLAD,Magnetism,22088,0.27132379572618615,-0.03397844238595232,-3.4315684856937025
WATCHER,Blind,11440,0.27797202797202797,-0.03657011893340645,0.17133643991654957
DEFECT,Loop,438361,0.542016739627841,-0.027506981237272354,-0.24888527544033678
IRONCLAD,Carnage+1,121231,0.25719494188780095,-0.10437631098204064,0.9691757968182646
DEFECT,Ball Lightning+1,263072,0.39023157158496535,-0.13128780220420783,1.290738145981683
IRONCLAD,Hemokinesis+1,120825,0.12780467618456445,-0.11981825176300476,0.6533150608925418
DEFECT,Meteor Strike+1,17354,0.19511351849717645,0.01173955793987641,-0.927792510634383
WATCHER,EmptyMind+1,65218,0.28743598393081665,0.022148641954158,1.4461762102523341
DEFECT,Mind Blast,13924,0.24044814708417123,-0.08155172460538235,-0.11272338171952612
IRONCLAD,Deep Breath+1,2995,0.3131886477462437,0.07360741262090131,0.79371183529536
WATCHER,Adaptation+1,64084,0.45560514324948503,0.012460751124347635,1.7410067302470829
IRONCLAD,Feed+1,32692,0.5298238101064481,-0.06763477017152097,2.049929013399364
IRONCLAD,Chrysalis,19052,0.29251522149905523,-0.0024700051453392935,-4.9784659343487405
IRONCLAD,Go for the Eyes,2251,0.2372278987116837,-0.09420010077676638,0.8961421257790025
THE_SILENT,Dark Shackles+1,2232,0.44713261648745517,-0.022833349031937455,0.061555850761491726
WATCHER,Madness+1,1576,0.39276649746192893,-0.0579625006119352,-0.002898462650009037
IRONCLAD,Reckless Charge,630278,0.11236470255982281,-0.06420250871480922,0.3543013993734938
IRONCLAD,Rampage,637039,0.3498686893581084,-0.09317444694576978,2.0071925106183954
DEFECT,Amplify,325500,0.2601505376344086,0.0002076968910583732,-1.8064504779403343
WATCHER,Panacea,12883,0.3561282310020958,0.013317967095018923,-1.5606397274016715
DEFECT,Sadistic Nature,12928,0.15872524752475248,-0.004698364766888452,-3.8165580167573925
DEFECT,White Noise+1,84935,0.6700300229587332,-0.004262625967828837,0.8515575395503134
IRONCLAD,Consecrate+1,1292,0.4582043343653251,-0.17866795366795368,-0.38518339768339693
WATCHER,Sadistic Nature,8994,0.1479875472537247,-0.07623428432877724,-3.494440633237879
IRONCLAD,Dagger Spray,2253,0.23879272081668887,-0.12465887045205762,0.9227806257925373
THE_SILENT,Backflip,1462024,0.3144708978785574,0.012859905146051398,1.154732612332424
THE_SILENT,Finisher+1,101466,0.3100053219797765,-0.06419545475471877,0.31953308624769683
IRONCLAD,Immolate,405303,0.407285413628816,-0.07037923176578556,2.512528312993684
WATCHER,FearNoEvil+1,65716,0.4300931280053564,-0.06920542793313039,2.0743634293635633
IRONCLAD,Mind Blast,21460,0.2276328052190121,-0.08404927201964951,-0.411409569417879
DEFECT,Panacea+1,2176,0.4806985294117647,-0.008338550567691505,0.6641059916411454
IRONCLAD,Jack Of All Trades,22321,0.2674611352537969,-0.07813731778374883,1.3034682617417097
THE_SILENT,Endless Agony+1,101542,0.2744283153768884,-0.10679760920783637,0.5563194851434066
DEFECT,Consume,437686,0.2471063730619668,0.0029694693341707212,-0.9875031891962998
THE_SILENT,Deflect+1,276984,0.3594106518788089,-0.08943768942071634,0.06987158627766199
IRONCLAD,Pummel+1,121406,0.3256428842067114,-0.016064672880980124,0.8540739322877773
IRONCLAD,Purity+1,2912,0.21462912087912087,0.03846576300830784,0.5635064276344561
DEFECT,Reprogram,434150,0.04187032131751699,-0.0714788292246246,-3.5863417477075146
DEFECT,Storm,436588,0.3442444593071729,0.0037166409861803806,-0.06442119572223959
WATCHER,Wallop,313034,0.38215018176939247,0.012672698149775036,3.4889651471855636
IRONCLAD,Immolate+1,26787,0.4147534251689252,-0.08111596577786245,2.4571110182396687
THE_SILENT,Adrenaline+1,21870,0.7228623685413809,0.10627807832506064,0.9564368407140904
DEFECT,Fusion+1,84060,0.32830121341898644,-0.08322970332772556,-0.015900924371967662
THE_SILENT,Madness+1,2296,0.40853658536585363,-0.04105027147033613,-0.4440463367990688
DEFECT,Jack Of All Trades,14416,0.2624861265260821,-0.08945331577097027,0.9881714541604829
THE_SILENT,Consecrate,1418,0.3617771509167842,-0.18867026375022888,0.9493500479252148
IRONCLAD,Dual Wield,633147,0.18870183385532902,-0.035706459294467,-1.969558270230415
THE_SILENT,Quick Slash+1,271586,0.21418629826279706,-0.12089879815073462,0.7392463432603975
DEFECT,Cold Snap,1386645,0.31845209119854034,-0.027730586288872067,3.7669580331514254
THE_SILENT,Burst,315055,0.457196362539874,0.005271092091219537,-0.7670112746154736
DEFECT,Genetic Algorithm,435582,0.3692278376976092,-0.05272483677231421,1.9450615793117052
THE_SILENT,Adrenaline,326218,0.6790735029949297,0.06583718603512839,1.4892568612415502
DEFECT,Storm+1,84672,0.4839380196523054,0.02221244690696761,1.27883546625287
IRONCLAD,Blood for Blood,631500,0.17761203483768803,-0.05432887963732058,1.2225916085977708
IRONCLAD,Battle Trance,634348,0.3864219639693039,0.024849707504843943,1.8086569526542746
IRONCLAD,Shrug It Off,1816261,0.4107768652192609,-0.017635218888394505,1.3821594787066829
THE_SILENT,Deadly Poison+1,278363,0.41693041101008393,-0.10803831047320878,0.7283528810045592
IRONCLAD,Dark Embrace,635545,0.12193471744723033,0.015022766309498115,-2.5336275105227877
WATCHER,SandsOfTime,313957,0.3613902540793803,-0.05473776547018033,2.7179247994477223
WATCHER,CutThroughFate,897114,0.23973876229776817,-0.011129515589894806,3.1663947793392637
DEFECT,BootSequence,438265,0.3766031966960629,-0.020937703227418253,1.1945078023566573
DEFECT,Echo Form+1,20092,0.6915687835954609,-0.00802873716361957,-0.2430179944642319
THE_SILENT,Escape Plan,539924,0.3307132114890244,0.026987544583666034,-0.1987798540433552
THE_SILENT,Crippling Poison,540958,0.47424384148122406,-0.027163376678556395,2.6079725473394326
THE_SILENT,A Thousand Cuts,310782,0.40925793643132485,-0.04851283794554981,-0.3274017629365247
THE_SILENT,Blur+1,104290,0.543129734394477,0.015716289553126817,0.8306777185390501
DEFECT,Rebound,1297321,0.11627345892034431,-0.06651068776858123,0.7888343358775209
IRONCLAD,Heavy Blade,1716069,0.25978792228051434,-0.020901226186470695,0.9970299914229379
DEFECT,Coolheaded+1,265840,0.3556424917243455,0.04339623985133262,2.0685660881296464
WATCHER,Protect+1,185331,0.3009318462642515,-0.06285839733398407,0.663919125946034
THE_SILENT,Sadistic Nature,15168,0.47718881856540085,-0.020948009088922914,-1.4594419532333731
IRONCLAD,Bludgeon+1,31570,0.3286981311371555,-0.0852188176032076,0.6953643742819473
IRONCLAD,Transmutation,19816,0.23264029067420267,-0.018003511001337236,-3.989107393673521
THE_SILENT,Trip,18303,0.2879855761350598,-0.06300357632872877,2.315553841810692
WATCHER,LessonLearned+1,16464,0.4427842565597668,-0.08096804262538337,3.3494756607732903
WATCHER,Wish+1,12373,0.44605188717368466,0.026359162577768713,-0.19087125236198688
DEFECT,Secret Technique+1,1134,0.4656084656084656,0.05344284428442847,0.12057455745574508
IRONCLAD,Pummel,637295,0.23705191473336523,-0.010599581889225329,1.0771658516586378
THE_SILENT,Slice,1463529,0.174958610317937,-0.0669169874508663,0.23744247091072523
IRONCLAD,Warcry+1,343611,0.25966572665019455,0.005427610676797201,0.7606599885963234
WATCHER,Pray,313299,0.25894752297326196,-0.07802069630804984,-1.7761341435943372
WATCHER,Wireheading+1,47993,0.26620548830037716,-0.028891198391424067,0.8805790048563562
IRONCLAD,PanicButton+1,2838,0.20613107822410148,-0.007363401504546618,-0.4110143739970642
IRONCLAD,Double Tap+1,31757,0.530717637056397,-0.05241310842670027,-0.05066395856449901
IRONCLAD,Panache,21631,0.3867135130137303,0.018697677905821275,-4.590895510673191
IRONCLAD,Finesse,27772,0.40458015267175573,0.04661185201413043,-0.185584796122356
IRONCLAD,Barricade+1,28134,0.4967299353095898,-0.01611028643387058,0.2994629331761267
THE_SILENT,Finesse+1,2411,0.4960597262546661,0.06981020410972105,0.7160252969431706
IRONCLAD,Sentinel,505122,0.11872181374004696,0.002735472591024496,-2.1634723197792134
THE_SILENT,PiercingWail+1,278889,0.35343093488807376,-0.03164137440005388,0.7992866796576745
DEFECT,Streamline,1383111,0.19944024738433863,-0.07091428621917772,2.006029075893469
WATCHER,Wireheading,241491,0.21080702800518447,-0.034034773726177164,-0.25693169975970065
DEFECT,Stack+1,264312,0.20886679378915826,-0.06770911934871054,-0.5184347278142507
WATCHER,Establishment,235362,0.36587469515044907,-0.07334115746726799,-1.2494745664035136
DEFECT,Buffer+1,21451,0.6080835392289404,0.0461939819064785,0.5852789856527529
WATCHER,Discovery,10265,0.3653190452995616,-0.07053241238168328,1.947548119723713
DEFECT,Discovery+1,2054,0.3661148977604674,-0.018249338170408858,-0.5209722358401141
WATCHER,Mind Blast,10076,0.22995236204843192,-0.07237244030808776,0.12510561057555947
DEFECT,Jack Of All Trades+1,2016,0.3263888888888889,0.011813367593143886,-0.28826810390749813
IRONCLAD,Consecrate,2300,0.3560869565217391,-0.13290857990385335,1.9002827017681856
IRONCLAD,Cleave,1816365,0.303864036138111,-0.07731964116184017,2.792439372832227
THE_SILENT,Heel Hook,540153,0.16677311798694075,-0.04494275961544081,0.3855862388251694
WATCHER,CarveReality+1,65213,0.28544922024749664,-0.13196384384035,1.2250433546301238
WATCHER,Evaluate+1,185692,0.31675570299205136,-0.07804876447809195,1.175705877645754
DEFECT,Secret Weapon,13177,0.17606435455718297,0.12514582201852928,-5.492186194827427
THE_SILENT,Secret Technique,15413,0.2786608706935704,0.1545456810956485,-6.948493345069014
IRONCLAD,Streamline,2267,0.24437582708425232,-0.1303295461969522,0.6184054406629276
IRONCLAD,Thinking Ahead+1,1556,0.3258354755784062,0.011687659704085585,-0.25212327698211645
THE_SILENT,Accuracy+1,83270,0.39150954725591447,-0.027609781152715784,0.46546320262191543
WATCHER,SashWhip,896463,0.12667003546158626,-0.060575823759460815,2.135823507114221
WATCHER,CrushJoints+1,186243,0.20041558608914162,-0.07010455762803769,1.5163236214291054
WATCHER,Collect+1,65033,0.21030861255055125,-0.06784495951836356,0.5027553388215988
WATCHER,SpiritShield+1,12247,0.3310198415938597,0.019704121300078647,-0.7644995899672757
WATCHER,Purity,12531,0.17724044369962494,0.1366822994159882,-3.00433102415834
THE_SILENT,A Thousand Cuts+1,18681,0.5454204807023179,-0.040208766050334466,0.3014494726078425
THE_SILENT,Concentrate,383814,0.09271417926391429,0.0011321587197093697,-2.429935029812846
WATCHER,SpiritShield,171341,0.2660542427089838,-0.0002420259010210979,-0.5367075197662388
DEFECT,Lockon+1,83113,0.33652978475088136,-0.08076480981735329,0.08561561307649157
DEFECT,Tempest+1,85179,0.3638572887683584,-0.0510470174034926,0.508532534536009
THE_SILENT,Choke,540334,0.1684883794097725,-0.05629928186766721,0.17413542403918214
THE_SILENT,Reflex+1,102886,0.18140466146997647,0.036089892211573216,-0.11202374568556728
IRONCLAD,Dropkick+1,121936,0.2791218344049337,-0.05764394682656021,0.9801927361264582
IRONCLAD,Intimidate+1,120697,0.3398427467128429,-0.04762534048629791,0.629531066175959
IRONCLAD,Whirlwind+1,120891,0.3713179641164355,-0.051861425722900534,2.1180813324604593
IRONCLAD,Armaments+1,344502,0.37245937614295416,-0.1221954963367084,0.9806632094285668
WATCHER,MasterReality,233275,0.26337584396099023,-0.05479998704048486,-1.2887728867062478
WATCHER,PathToVictory+1,185345,0.23238285359734548,-0.16628548138180696,-0.6110135233652247
IRONCLAD,Crescendo,2330,0.2351931330472103,-0.003639394758616188,1.1257198915349775
IRONCLAD,Stack,2439,0.23329233292332924,-0.04525060383635798,-1.6041455598056444
WATCHER,ClearTheMind+1,186483,0.3336979778317595,-0.06942065953219673,1.161671727816021
WATCHER,Violence,9667,0.3165408089376228,0.10250066526787294,-3.8387033063565976
DEFECT,Defragment,442128,0.7574435457605038,0.026264852830604923,1.8618692787701008
THE_SILENT,Grand Finale+1,12605,0.12748909163030545,-0.049299397423958835,-0.09875829660945357
DEFECT,Aggregate,434980,0.09385948779254219,-0.03169673133504869,-2.212686293960658
DEFECT,Conserve Battery,1379589,0.3927075382595831,-0.05180291446640628,1.8939430449428336
IRONCLAD,Combust,635171,0.15365311073710858,-0.07458227723982755,0.9437642547070588
THE_SILENT,Tools of the Trade,307405,0.27113091849514487,0.008039252111350953,0.3766472316481888
WATCHER,Collect,312535,0.15322123922120723,-0.061323955911728845,-1.032285324741757
DEFECT,Melter,437301,0.3464547302658809,-0.07525352220404531,1.7820564202899227
IRONCLAD,Rampage+1,121569,0.309996791945315,-0.16626333500283713,0.3462063424050754
THE_SILENT,Flying Knee,1463109,0.23100329503816872,-0.07898332123738615,1.9072813029248827
THE_SILENT,Dagger Spray,1464941,0.26874938990717034,-0.08433309649983053,2.0812306669833625
IRONCLAD,Evolve,544119,0.1973832929928931,-0.024717769314379967,-0.6249550461356073
WATCHER,MasterReality+1,14519,0.37550795509332596,-0.06999937531967326,-0.3971527564302626
THE_SILENT,Dark Shackles,16746,0.39525856921055774,0.037141581862006834,-1.3992979297384611
DEFECT,Seek+1,22333,0.5154703801549276,0.09146289108269451,0.36306553050817314
THE_SILENT,Magnetism,14691,0.23926213327887821,-0.02061423024953901,-3.723198410330612
IRONCLAD,Protect,2269,0.2622300572939621,-0.0697489031454876,-0.1650281618023559
THE_SILENT,Master of Strategy+1,1347,0.5686711210096511,0.11128737254126542,1.075935970663707
IRONCLAD,Uppercut,636529,0.29037011667967993,-0.033696311791612504,3.2188630261336186
IRONCLAD,Armaments,1816622,0.2811245267314829,-0.060223450096907105,1.7833713676774465
WATCHER,JustLucky,896677,0.13464380150265925,-0.06172387676571041,-0.15794358810408582
IRONCLAD,Double Tap,494221,0.4402362505842528,-0.03401152205326988,-0.0118060943522309
DEFECT,Redo+1,266409,0.4307399524790829,-0.09881540853041748,0.25483257570381923
DEFECT,Sunder,390613,0.3219682908658954,-0.057493712154063195,3.222134147487143
THE_SILENT,Panache,15393,0.6109270447606054,0.03128106547811782,-2.1355019471043555
THE_SILENT,Secret Technique+1,1234,0.47974068071312803,0.018423212932558775,0.18881556790435283
IRONCLAD,Conserve Battery,2285,0.39474835886214443,-0.14982773077582878,0.2568879632791603
THE_SILENT,Corpse Explosion+1,20388,0.5972140474789092,-0.06204499136867747,2.8376400869724954
IRONCLAD,Headbutt+1,344367,0.23929702904169098,-0.08697284281527506,0.9229327588556657
IRONCLAD,Cleave+1,345530,0.2906607241049981,-0.1492807516704866,1.2730550623075771
DEFECT,Multi-Cast,324657,0.20511801686087164,-0.05449472539808234,-1.7703825219698999
DEFECT,Coolheaded,1377134,0.28884625606513237,0.0026734722381316356,1.8539851612686924
THE_SILENT,Corpse Explosion,300753,0.6235149774067091,-0.05470322833412242,1.8616919843257769
DEFECT,Creative AI+1,21280,0.6132048872180451,-0.02847196541574054,-0.8868727546653936
WATCHER,WindmillStrike+1,65241,0.34038411428396254,-0.11337148167529287,0.31519926837944645
IRONCLAD,Reaper+1,32496,0.5658234859675036,-0.0209792622090455,0.837947069468612
THE_SILENT,Reflex,537642,0.10316344333218015,-0.006916181216279127,-2.671508885139122
IRONCLAD,Flex+1,345852,0.4147699015763968,-0.09406831915269998,0.44463678659771766
DEFECT,Gash+1,261639,0.3056807280260206,-0.06629159493117603,0.5143690987406906
WATCHER,WreathOfFlame,313299,0.10257932518137626,-0.08502832888707512,-2.6284082596949396
DEFECT,Reprogram+1,84000,0.05925,-0.10830708850400922,-1.5805203537655093
DEFECT,Machine Learning+1,21208,0.44289890607317994,0.007108173719915234,-0.006257629025569145
THE_SILENT,The Bomb,13702,0.3803094438768063,-0.0980063304749669,0.8284548004037653
THE_SILENT,Transmutation,13238,0.20003021604471974,-0.020632886294714603,-4.560593916623162
THE_SILENT,Jack Of All Trades,15615,0.27134165866154336,-0.08660542335757365,1.0021577069279726
IRONCLAD,Flying Knee,2335,0.2929336188436831,-0.13252467935435194,1.156863995239462
THE_SILENT,Setup,383269,0.059916142448254356,-0.07349099648614149,-2.6537064041387595
IRONCLAD,Inflame+1,118862,0.6250778213390318,-0.07347842858794795,1.6684446048801913
IRONCLAD,Burning Pact+1,120694,0.2521997779508509,0.044991642427302525,0.6910246186057858
THE_SILENT,Heel Hook+1,100978,0.20137059557527381,-0.07425699415563863,0.8647068059434417
WATCHER,ConjureBlade+1,16033,0.2940185866650034,-0.07365162177142126,-1.4186231859857124
DEFECT,Metamorphosis,13263,0.3138807208022318,-0.040367840182877424,-1.4777943579360802
IRONCLAD,Chrysalis+1,1486,0.3768506056527591,-0.05520286948472686,-0.46260799136069153
IRONCLAD,Brutality+1,27406,0.17726045391520104,-0.0007143810235159531,-0.5127737556795715
DEFECT,Steam,1376508,0.12197386430009852,-0.03163336476899936,0.5081629134542993
THE_SILENT,Envenom,316631,0.5427169165369152,-0.08245498366023213,-1.0874267654235865
THE_SILENT,Unload,301110,0.172880342731892,-0.10173284412689723,0.2085009112008649
WATCHER,CarveReality,313674,0.2653678660010074,-0.06958478555648052,3.111070330498844
IRONCLAD,Limit Break,471017,0.5096121796028593,0.024782585922773492,-0.14144103937954355
WATCHER,Tantrum,313812,0.42420939925815454,0.005416623784694097,4.477393930379151
IRONCLAD,Sever Soul+1,120550,0.13205309000414767,-0.10433369030592171,0.014379389186441216
WATCHER,Indignation+1,65412,0.2868586803644591,-0.08354147304991982,0.3044264512760666
THE_SILENT,Wraith Form v2+1,18231,0.30711425593768854,0.0760029668059109,1.4639435918903914
WATCHER,Secret Technique,9995,0.30575287643821913,0.12959567630865532,-6.370582107052556
IRONCLAD,Demon Form+1,28799,0.6392235841522275,-0.06748991514643393,0.7165047633572144
IRONCLAD,PiercingWail,2293,0.3100741386829481,-0.04648818192001791,0.6291578428914608
DEFECT,Double Energy,434838,0.2613180080857699,-0.017190124187094202,-1.4996858568813423
DEFECT,Undo,412754,0.195697679489478,-0.018353833016302917,0.9478257081083115
THE_SILENT,Venomology,312858,0.4215618587346336,0.003767725554258111,1.4361093088801482
IRONCLAD,Combust+1,117517,0.18376915680284556,-0.1188527252987574,0.8137750111547142
IRONCLAD,Sword Boomerang+1,345135,0.2477349442971591,-0.04605956531281724,1.1212260001126566
WATCHER,Judgement,234155,0.40538105101321775,-0.12078937454141586,1.2888776622206102
DEFECT,Chill,439339,0.39577865839363224,0.0170152704616493,2.8586203465299995
THE_SILENT,Predator+1,101370,0.23788102989050014,-0.08931229193174611,0.9177993630132608
WATCHER,Trip,12115,0.352455633512175,-0.014927540774639758,2.223341139734581
THE_SILENT,Riddle With Holes,538885,0.1415496812863598,-0.07271160268915496,0.4938068444814334
THE_SILENT,Distraction,538450,0.17689293342000187,-0.06188473274380206,-1.0145037674756203
IRONCLAD,Flex,1816459,0.3097625655189575,-0.05362341540568363,1.0949165762956135
THE_SILENT,Bouncing Flask,541286,0.48529243320536647,-0.044037325503052005,2.7119861701028007
WATCHER,EmptyBody+1,185732,0.2837798548446148,-0.11667056281436466,0.591210358683238
DEFECT,Meteor Strike,281447,0.14041009497347637,-2.6867491309146008e-05,-1.2995999767261068
WATCHER,Pray+1,65467,0.30157178425771763,-0.08759891169634076,-0.11326311960941915
WATCHER,Flash of Steel,10821,0.4427502079290269,0.0334101772498393,1.6533985260506068
IRONCLAD,The Bomb,20403,0.3965103171102289,-0.08394604795779473,1.1777724247950836
IRONCLAD,Power Through,636292,0.23797250319035915,-0.0003764460452990448,0.3812446293835272
IRONCLAD,Entrench,633242,0.2063476522403757,0.002852810654252691,-2.647786401440019
THE_SILENT,Terror,539539,0.34938530856898203,-0.03365513184833013,1.706525658670138
DEFECT,Rip and Tear,440024,0.14131501918077197,-0.0775033719807178,1.956081496364309
WATCHER,PathToVictory,899309,0.23070601984412475,-0.1007884775527082,-0.29844476574098167
WATCHER,SignatureMove,313702,0.20433723725063915,-0.052153579603804456,3.001096244231462
THE_SILENT,All Out Attack+1,101039,0.23084155623076238,-0.17094375180794463,1.2330088938545067
THE_SILENT,Bullet Time+1,20951,0.3905780153691948,-0.08129411156205313,-0.7188622218506033
DEFECT,Apotheosis,16720,0.7748205741626795,0.03158394339789944,6.523087733973409
DEFECT,Mind Blast+1,1710,0.4105263157894737,-0.10383597883597884,-0.49058811558811577
DEFECT,Chaos,437755,0.2799282703795502,-0.058872126602400515,0.15835331508792194
WATCHER,BowlingBash+1,185746,0.18792867679519343,-0.13537367231291922,1.9308897275015866
DEFECT,Impatience,16219,0.2288673777668167,0.05480161712889059,-0.08002975230422749
THE_SILENT,Bandage Up+1,2369,0.5217391304347826,-0.11621065019123267,0.45616357752279946
DEFECT,Blind,16039,0.2973377392605524,-0.0019197110590933875,1.2270420489619536
IRONCLAD,Forethought,25385,0.15520976954894622,-0.09619064470200597,-0.820546185318836
IRONCLAD,Magnetism+1,1189,0.46761984861227923,-0.018264061736392945,-0.7287667496334684
IRONCLAD,Whirlwind,635884,0.3542438557975983,-0.02528268113816401,2.770363114852877
THE_SILENT,Leg Sweep+1,103227,0.3975897778681934,-0.02541105676581512,1.4546840293195729
IRONCLAD,Carnage,634817,0.2604750660426548,-0.06097758761883165,2.7071289372624285
DEFECT,Rip and Tear+1,83317,0.16242783585582773,-0.15500528156431215,0.5601321128911252
DEFECT,Thunder Strike+1,20360,0.38541257367387033,-0.0362277901557122,-1.3763479889415073
WATCHER,Vault+1,17086,0.5959264895235865,0.15924314213640817,2.095667626714082
DEFECT,Consume+1,84750,0.37163421828908555,0.030874241331237007,0.5301575081217536
THE_SILENT,Secret Weapon,14216,0.1786015756893641,0.08572272379601353,-6.315631732875003
THE_SILENT,Master of Strategy,14868,0.42628463814904494,0.1865366680514672,-5.5228014872980005
THE_SILENT,Grand Finale,209470,0.11588771661813148,-0.024112433719694626,-0.5967501663915407
IRONCLAD,Feed,494621,0.5128593407881995,-0.06575825807296579,1.3590096024375278
WATCHER,Prostrate,828933,0.30994543587961876,-0.0788551487851063,-0.7501222607970917
IRONCLAD,Ghostly Armor+1,121195,0.43111514501423326,-0.076496427929859,0.14037537131419953
THE_SILENT,Burst+1,21708,0.5600700202690252,0.032719524515347265,-0.022188118223493092
DEFECT,Undo+1,79729,0.26966348505562593,-0.04218996048879986,0.8103590794485438
IRONCLAD,Limit Break+1,30451,0.6037240156316706,0.010887157236326939,-0.2218004838159544
THE_SILENT,Malaise,305604,0.24687176869412705,0.03242131525962583,0.7671554341265185
THE_SILENT,Noxious Fumes,545890,0.6559050358130759,-0.0416629402999803,3.6646199746216404
THE_SILENT,Infinite Blades,541664,0.40507399421043305,-0.03352668624218838,2.1103156412189072
DEFECT,Mayhem,14344,0.4423452314556609,-0.004436074603888174,-2.3235999850651154
DEFECT,Darkness,437331,0.2494449284409292,-0.07505670858426892,0.36639147069284306
WATCHER,Brilliance,232363,0.31140499993544585,-0.03208416054748786,1.0261772957880346
WATCHER,WheelKick,311929,0.260838203565555,0.021949855966463455,3.663429889950354
WATCHER,Adaptation,315346,0.33348449005219666,0.03023275114749152,1.18399563980158
THE_SILENT,Choke+1,101220,0.22989527761311992,-0.07312914490986672,-0.14034979393807845
IRONCLAD,Blind+1,2890,0.34740484429065743,-0.03559463101992877,0.2794305281525009
THE_SILENT,Enlightenment,14454,0.3295281582952816,-0.10271261900341805,-0.5757331091941928
DEFECT,Sweeping Beam,1379408,0.19943627991138227,-0.062443834604377024,2.394538120746102
THE_SILENT,Die Die Die,313609,0.4069844934297166,-0.08774448875665941,0.674592429497821
WATCHER,Consecrate+1,185260,0.31898952823059484,-0.15838052484129303,1.0298268169153495
WATCHER,WaveOfTheHand+1,65214,0.2604042076854663,-0.02946742083306808,0.28700785581970756
DEFECT,All For One,327387,0.2853686920983423,-0.011105661747952439,1.2610125092299747
WATCHER,The Bomb,8820,0.3359410430839002,-0.1290273973163179,-1.459479387547436
IRONCLAD,Wild Strike,1534325,0.13414367881641764,-0.07079827388627502,0.9307827083269977
DEFECT,Sunder+1,73558,0.3153701840724326,-0.11958465134315971,1.899539568233985
WATCHER,Dramatic Entrance,12640,0.4074367088607595,-0.16491010667945608,5.450929264909847
WATCHER,Establishment+1,14574,0.42445450802799506,-0.11564220189851376,-0.8624272493104783
DEFECT,Madness+1,1983,0.41704488149268787,-0.03369099969456446,-0.14474295301732631
IRONCLAD,Rupture,634761,0.13786133678660156,-0.06951055872655046,-1.7584281113489162
THE_SILENT,Outmaneuver,1458981,0.12987077967430694,-0.06633294206024976,-1.6311020752050318
IRONCLAD,Fire Breathing,636584,0.27817695700803036,-0.07402834058110465,0.022060807329335574
THE_SILENT,Poisoned Stab+1,271653,0.36422200380632647,-0.1537697947234067,0.7447279402768885
DEFECT,Glacier,437101,0.5114058306890169,0.02655273201523531,3.500470126961101
IRONCLAD,Thinking Ahead,23220,0.2111111111111111,0.13452112101413047,-5.604001815872797
IRONCLAD,Madness+1,2999,0.4101367122374125,-0.041472606359755027,0.08783888743353074
THE_SILENT,Phantasmal Killer+1,20723,0.29788158085219324,-0.09591117063946031,-1.1556091681822487
DEFECT,Stack,1372127,0.09658726925423083,-0.027827034472426737,-0.9393070572202156
DEFECT,Reinforced Body,435277,0.20937012523060028,-0.01437160090255668,0.5932961852812006
WATCHER,ThirdEye+1,185029,0.2579919904447411,-0.06039680303341832,0.9356707666714783
IRONCLAD,True Grit+1,344055,0.24893403670924708,-0.016118744841120525,0.9542565255851461
WATCHER,Bandage Up+1,1505,0.47109634551495017,-0.14783721144509565,0.3190883897626353
WATCHER,Halt,898344,0.19647039441461178,-0.06061699789610807,-0.06621194169828826
WATCHER,Conclude,315257,0.3041899148948318,-0.07812599087006486,3.0243707214630255
DEFECT,Force Field+1,84576,0.3061033863034431,0.05375561741957319,-0.3482099620955559
THE_SILENT,Dramatic Entrance,20010,0.4644677661169415,-0.16647460787595267,4.728688643301041
IRONCLAD,Bandage Up+1,3045,0.46732348111658456,-0.11838711047066292,-0.3469052114590916
DEFECT,Dramatic Entrance,18172,0.39401276689412285,-0.17878241512052875,5.550183395665876
IRONCLAD,Finesse+1,3030,0.4521452145214521,0.023049863688329952,0.17893764840383497
THE_SILENT,Flash of Steel+1,2011,0.5474888115365489,0.0004431535766685202,-0.1275873082412602
IRONCLAD,Twin Strike,1815693,0.21658617398425836,-0.04455499994641418,2.8629022402898947
THE_SILENT,Blade Dance,1461724,0.27993998867091185,-0.03727845850261535,0.7546630232709965
WATCHER,Devotion,216344,0.5234580113153127,-0.07364184870165044,-1.0829501432668032
THE_SILENT,Swift Strike,15523,0.22482767506281,-0.1409575910753546,2.6432152078441398
IRONCLAD,Berserk+1,28039,0.41028567352615997,-0.04770663905493172,0.1024764239719076
IRONCLAD,Panache+1,1327,0.6096458176337604,-0.036825099865891,-0.3590733590733599
THE_SILENT,Storm of Steel,249141,0.19312357259543791,-0.05326954868464401,-0.9825526978430652
WATCHER,Scrawl,236202,0.32880754608343704,0.1344484982008044,3.1105318761093486
WATCHER,ClearTheMind,897799,0.21052819172220064,-0.034719034696565204,0.9454403875971913
WATCHER,Omniscience,231934,0.2519596091991687,0.08437539338639988,-0.07489853259409429
DEFECT,Scrape+1,83183,0.15868627003113617,-0.04855522163607695,0.6222080145870912
IRONCLAD,Offering+1,31713,0.45896004792987105,0.14499719682515877,2.2651052643106944
WATCHER,Forethought,11552,0.15910664819944598,-0.10283565915543635,-0.5930559597525118
WATCHER,CrushJoints,894655,0.12176872649233503,-0.041968711422991745,2.149819126310888
DEFECT,Doom and Gloom+1,83050,0.3010596026490066,-0.12579212116679786,1.421312315366574
DEFECT,Aggregate+1,84573,0.19339505515944805,-0.044931741120334656,-1.2077246861578104
THE_SILENT,Skewer+1,100420,0.1821449910376419,-0.1163300608220077,0.459529604707658
WATCHER,Master of Strategy,10064,0.4906597774244833,0.19309978260275248,-5.013258197987469
IRONCLAD,Ball Lightning,2332,0.24013722126929674,-0.10311593034504998,1.1628547242824894
IRONCLAD,Clothesline,1807341,0.12944209200145407,-0.044614228634590886,2.633631545354973
IRONCLAD,Juggernaut,485111,0.3290793241134503,-0.03466184697251362,-0.3341360720606339
IRONCLAD,Panacea,27661,0.34911969921550196,0.023788012821101268,-1.5054583212866053
WATCHER,FlurryOfBlows+1,186193,0.4285821701138066,-0.07615439021569759,1.1331842394541134
WATCHER,Crescendo+1,186360,0.2748175574157545,-0.08237759258628302,0.8425294071369365
THE_SILENT,Calculated Gamble+1,103493,0.3185046331635956,0.044792486292165756,0.7721543661865535
DEFECT,All For One+1,20302,0.3623288345975766,-0.0029241177242953498,1.6128808191167074
DEFECT,Good Instincts+1,2041,0.3052425281724645,-0.10836368905179222,-0.587464088185154
WATCHER,Finesse+1,1636,0.460880195599022,0.09707561185393698,0.37070318843717764
IRONCLAD,Sweeping Beam,2313,0.24167747514051016,-0.13963177444654995,0.8846928971958796
DEFECT,Fusion,435521,0.19847033782527135,-0.06815586611856708,-2.0567175079569076
THE_SILENT,Acrobatics+1,277131,0.26541238620002816,0.059460493321980834,1.2989495740850447
IRONCLAD,True Grit,1820927,0.126988067066939,-0.027186430541459083,-1.006293714458856
THE_SILENT,Tactician+1,102669,0.2879837146558357,0.029619775413368576,0.14947813059426984
THE_SILENT,Deflect,1461092,0.18888132985465667,-0.03782363332190619,-0.4823010636764806
THE_SILENT,Deep Breath,18435,0.20949281258475724,0.0435813902564432,-1.0854989308455956
WATCHER,Weave,312381,0.1521283304682423,-0.04522154557839314,-0.08328830855753822
WATCHER,EmptyMind,314155,0.22039439130365585,0.002092991633592889,0.5387028021938747
WATCHER,FollowUp+1,185701,0.34097823921249754,-0.13572517282288013,0.8502109042737995
IRONCLAD,Impatience,24084,0.1643829928583292,-0.008329853043384128,-0.5472854522834201
IRONCLAD,Corruption+1,28272,0.22131437464629317,0.027512275962482347,1.058573928428867
IRONCLAD,Madness,26399,0.31584529717034737,-0.0348594577192356,0.1788095682087132
IRONCLAD,Berserk,483574,0.2741876114100427,-0.05386400291132329,-0.8505613889088259
THE_SILENT,Dagger Spray+1,271729,0.26297156357989027,-0.157604072053398,1.4378083858208033
IRONCLAD,Body Slam+1,346159,0.28248868294627616,0.0008393586868860603,0.6070268533023508
DEFECT,FTL,439333,0.32399114111619204,-0.022312440329227717,2.3431311358397124
WATCHER,Study,314200,0.18615213239974537,-0.05076141056017955,-1.2213057681945898
DEFECT,Heatsinks,435517,0.17434681080187456,0.017432151311425587,-1.6054027022226727
DEFECT,Thunder Strike,327844,0.3158514415392687,-0.03256235356783674,-1.12890242891309
IRONCLAD,Flame Barrier+1,120672,0.5074996685229383,-0.06529478522256132,0.9911077314388006
WATCHER,BattleHymn+1,63524,0.40520118380454634,-0.13034167881193076,1.268259176892462
IRONCLAD,Outmaneuver,2260,0.2234513274336283,-0.08421765253448421,-1.0505204366590508
THE_SILENT,Catalyst,513172,0.49759729681276454,0.023509779591440655,0.10192139521070587
WATCHER,Protect,896924,0.18641490248895112,-0.028621226367056135,0.4935431519182991
WATCHER,ForeignInfluence+1,54716,0.3775312522845237,-0.086006039856659,0.9869360533742757
IRONCLAD,Corruption,476219,0.17314932835523153,0.029813809524579404,-0.020479510582102733
THE_SILENT,Mayhem,15185,0.37813631873559433,-0.023720906162561506,-2.1772987002659043
IRONCLAD,Swift Strike+1,2809,0.3389106443574226,-0.0977320653624939,0.21975898598534727
IRONCLAD,Swift Strike,21962,0.21692013477825334,-0.1172491988162957,3.901446104730317
IRONCLAD,Secret Weapon+1,1641,0.3820840950639854,-0.03717807159102704,-0.02078083859460378
THE_SILENT,Endless Agony,539701,0.21190992790452493,-0.05356337487024271,1.0585443907915995
THE_SILENT,Poisoned Stab,1466563,0.38133718087801205,-0.0849142584782861,2.7349158020779605
IRONCLAD,Warcry,1817544,0.10254497277644997,-0.0247037650932585,-0.9641766998787098
DEFECT,Barrage,1378428,0.12547046345547247,-0.036433872022188785,0.15393833036999993
DEFECT,Melter+1,83596,0.3442269965070099,-0.14951207363305002,0.700912580480491
WATCHER,ReachHeaven,313000,0.3366070287539936,-0.08438686803967309,2.4093296795204395
THE_SILENT,Riddle With Holes+1,101617,0.20076365175118335,-0.12456883255502588,0.05347566795984804
IRONCLAD,Metallicize+1,119630,0.5606787595084844,-0.04924223595853838,1.2473080765812306
IRONCLAD,Discovery,22407,0.36988441112152454,-0.06070564774704584,2.1120648833371938
THE_SILENT,Good Instincts,16172,0.26725204056393764,-0.0656890367602122,0.5733250546219235
DEFECT,Echo Form,315854,0.6346539857022548,-0.0014223101737320942,0.14674443334047993
DEFECT,Conserve Battery+1,266026,0.4544330253433875,-0.10597439122176228,1.1134382694192855
DEFECT,Hello World+1,83811,0.2572931954039446,-0.03595174747623231,1.1792405373144135
IRONCLAD,Fiend Fire+1,31770,0.24941768964431854,-0.016997306416322855,0.4116478219678399
THE_SILENT,Footwork+1,101879,0.6421735588295919,0.04267336682018075,1.8913427544399504
IRONCLAD,Mind Blast+1,2759,0.38492207321493294,-0.0813166471906222,-0.5927620138340952
WATCHER,Dramatic Entrance+1,1510,0.44834437086092715,-0.0717752388991047,0.14575106261115955
IRONCLAD,Thunderclap,1810661,0.2113697704871315,-0.0555943322215178,2.232518140349537
IRONCLAD,Sever Soul,630039,0.09655592749020299,-0.056862717475948954,-0.005837484851067387
IRONCLAD,Searing Blow,634441,0.17000162347641468,-0.08528205405730546,0.8854263124472297
WATCHER,InnerPeace+1,65134,0.3328215678447508,0.021351846805588437,1.4417559525507961
THE_SILENT,Caltrops+1,100970,0.42545310488263843,-0.08313355265453382,0.6177828646602688
THE_SILENT,Forethought,17921,0.1395569443669438,-0.09394633845553868,-0.6193972735160163
THE_SILENT,Apotheosis,17904,0.750837801608579,0.06211506192101235,7.3635129139492115
IRONCLAD,Trip+1,2903,0.3692731656906648,-0.014911617499612895,0.11577710165719779
WATCHER,Mind Blast+1,1428,0.4166666666666667,-0.053061224489795944,0.0705882352941174
IRONCLAD,Iron Wave,1812292,0.222897303525039,-0.05703461447037411,2.08067300803312
THE_SILENT,Accuracy,456651,0.3136793744018955,-0.021061112827698875,-0.041194696996566194
DEFECT,Tempest,436737,0.24284867093926094,-0.035872000923539205,0.46060521900661655
IRONCLAD,Shrug It Off+1,346338,0.5243836945411707,-0.03183475469119229,1.329549154910989
IRONCLAD,Shockwave+1,121048,0.39905657259929944,0.030922772452579073,2.230569473141932
WATCHER,MentalFortress+1,53741,0.46070970022887553,-0.008996585618242348,0.7867632243406941
WATCHER,CutThroughFate+1,186538,0.2817549239297087,-0.01293493509180349,1.9188549223999054
IRONCLAD,Havoc,1441402,0.04206668229959442,-0.022202861557196363,-1.3857406110695933
IRONCLAD,Intimidate,632446,0.19915059941876462,-0.03181841625370099,0.13733921067047916
DEFECT,Streamline+1,262603,0.23887388948336463,-0.12874286389068326,0.7606589253048348
IRONCLAD,PanicButton,20303,0.18943013347781115,0.006519724846841601,-0.7633167683151392
DEFECT,Lockon,436645,0.25387900926381846,-0.052167426309921605,1.1650674398552354
IRONCLAD,Reckless Charge+1,120793,0.15266613131555637,-0.1333052367229545,0.010728637448565337
DEFECT,Fission+1,21630,0.46412390198797965,0.048423150403616555,0.7072187599584119
WATCHER,Enlightenment+1,1545,0.3378640776699029,-0.10628532263682428,-0.8723609847080365
WATCHER,Discovery+1,1551,0.37524177949709864,-0.06100986243656442,0.09304416286319217
DEFECT,Seek,335242,0.4229094206573162,0.045853364885521025,0.21511310055674215
THE_SILENT,Masterful Stab,540021,0.1627714477770309,-0.06448774627692805,1.4138417855958743
THE_SILENT,PiercingWail,1459587,0.25160130913744777,-0.011130874837599919,0.1148925450172733
IRONCLAD,Brutality,474979,0.12028321252097461,-0.008453291616747294,-0.812918719365328
IRONCLAD,Pommel Strike+1,346479,0.3693326291059487,-0.049452999299169964,1.423400677776403
THE_SILENT,Doppelganger,301218,0.14440040103845056,-0.01658667340676137,-0.645887912735212
WATCHER,ForeignInfluence,265128,0.2454927431278477,-0.06334465596366931,1.243099179832452
THE_SILENT,Crippling Poison+1,103965,0.5274563555042563,-0.05074980887310393,1.9285530014924799
WATCHER,Impatience,11276,0.2192266761262859,0.014020546706483838,0.44588771799814353
WATCHER,WheelKick+1,65523,0.3388275872594356,0.008423056483740476,1.651048334766184
IRONCLAD,Barricade,488983,0.4053760560183074,-0.005168587126407553,-0.5698884099311954
THE_SILENT,Panacea,19742,0.35675210211731334,0.013475712294238495,-1.4185870385462582
IRONCLAD,Searing Blow+1,120684,0.16606178118060388,-0.1619010098384091,-0.1928947444251996
WATCHER,Mayhem,9798,0.3210859359052868,-0.06065476916348833,-3.4762548171775762
WATCHER,Good Instincts,10431,0.18358738375994632,-0.13302724896891982,0.6013656370377003
THE_SILENT,Underhanded Strike,1460906,0.10721771284394753,-0.05643110808355904,-0.5743099517162875
THE_SILENT,Phantasmal Killer,300462,0.18939499836917814,-0.06180959104293815,-1.7420048915495947
IRONCLAD,Clash,1811753,0.17564701148556122,-0.03669958857923045,3.313409158486351
IRONCLAD,Thunderclap+1,344567,0.2618590869119794,-0.10605020167259482,1.3544302930011387
IRONCLAD,Ghostly Armor,633159,0.35022324566183216,-0.04202740942666383,-0.04168698165984708
DEFECT,Leap+1,265724,0.3295524679742891,-0.12168931799210447,0.27539706595916336
IRONCLAD,Metamorphosis,21291,0.3684655488234465,-0.058168713377694636,-0.03026208651616713
WATCHER,Fasting2+1,63769,0.23981872069500854,0.08228136704915301,0.7700984086906395
IRONCLAD,Spot Weakness+1,115390,0.5149406361036485,-0.06738714174539101,1.6157109107330818
THE_SILENT,Chrysalis,12864,0.2701337064676617,-0.050483996656120605,-5.381081764900149
THE_SILENT,Thinking Ahead,15675,0.2068261562998405,0.14357300596961592,-5.9603988420500205
WATCHER,Alpha+1,13644,0.3927733802403987,-0.157173866308523,-2.0901226291441652
THE_SILENT,Slice+1,271292,0.2504312696282972,-0.1319379290231429,0.20339035023520857
DEFECT,Panache,14052,0.5390691716481639,0.05327518393340025,-3.7953050626970963
IRONCLAD,Entrench+1,120994,0.3471825049175992,0.0227781165238074,-0.26560256146832373
WATCHER,Chrysalis,8374,0.28074994029137806,-0.05536221458745308,-4.733985199087604
IRONCLAD,Blood for Blood+1,121234,0.2573040566177805,-0.10309615408332834,0.4724951377639943
THE_SILENT,Dramatic Entrance+1,1898,0.4931506849315068,-0.08899283899283894,0.4811734811734798
IRONCLAD,Mayhem+1,1383,0.6276211135213304,-0.04990380743590894,0.012697418460025034
DEFECT,Dramatic Entrance+1,1724,0.4077726218097448,-0.09333582254866857,-0.0026401472352279853
IRONCLAD,Evolve+1,98894,0.22690962040164217,-0.022646589724101884,0.8690174784768008
DEFECT,Steam Power,436564,0.06447164676885864,-0.003766506276463494,-1.399597169982922
DEFECT,PanicButton,12942,0.1275691546901561,-0.014498449985706596,-0.40037350116871373
THE_SILENT,Impatience,17422,0.20646309264148777,0.04363825389954762,0.09929552505327699
IRONCLAD,Blind,24977,0.28374104175841774,-0.02163735503870562,0.6490492870569824
IRONCLAD,Secret Weapon,21352,0.25777444735856125,0.11104044014063841,-5.521271574874094
IRONCLAD,FollowUp,2336,0.3912671232876712,-0.15663672147897836,0.4255525087173435
WATCHER,ThirdEye,896635,0.1676490433677026,-0.043085305515486505,0.08485463999332765
WATCHER,Wish,174285,0.3675129816105804,0.001188863489235803,-0.21279260168280345
IRONCLAD,Dramatic Entrance,27921,0.44192543247018373,-0.1295268190996219,5.719717664715217
THE_SILENT,Jack Of All Trades+1,2304,0.3159722222222222,-0.04517627043007755,-0.03845456573882977
IRONCLAD,Demon Form,498737,0.583540022095814,-0.04519252027007975,0.8480175334117099
THE_SILENT,Prepared+1,278485,0.3312925292206043,0.017383865317033897,0.7830699654390951
THE_SILENT,Well Laid Plans,540142,0.22843622602945152,0.008395690297352626,0.6999747157401437
IRONCLAD,Pommel Strike,1816066,0.2744878214778538,-0.03523020556233031,2.846001032583949
DEFECT,Ball Lightning,1382527,0.43635314174696044,-0.06882466256266348,3.8034411840949858
WATCHER,FlyingSleeves,894502,0.1219784863533005,-0.07277360339885122,1.2512423552818852
WATCHER,Evaluate,896930,0.1754930708082013,-0.049659407034084,0.14395701949318607
WATCHER,Vengeance,313269,0.19405686486693544,-0.049100704651788174,0.8763211211488695
DEFECT,Hyperbeam+1,15788,0.15689130985558652,-0.09944525469341609,1.4965854746547045
THE_SILENT,Madness,18308,0.26491151409220015,-0.0643817420520198,-0.4287823898099159
THE_SILENT,Dagger Throw,1462235,0.1871723765331838,-0.05763424279216947,2.090096014890946
THE_SILENT,Footwork,545802,0.5587044386059413,0.019527922332020997,1.0871105412409854
DEFECT,Cold Snap+1,263465,0.29426679065530525,-0.07043594440022499,1.980685219754866
WATCHER,Consecrate,899334,0.2902281021289087,-0.0929670802162741,1.459185852588881
THE_SILENT,Discovery,15576,0.3416795069337442,-0.0625970693868414,1.6395591436366352
DEFECT,Beam Cell+1,263180,0.26436279352534386,-0.08488863201069802,0.7619902082341952
DEFECT,Recycle+1,68560,0.20494457409568262,0.020774825960062804,0.5394726260381528
DEFECT,Discovery,14275,0.38276707530647985,-0.065041526854908,2.4425166789549806
DEFECT,Violence,13219,0.20410015886224375,0.07411020734485002,-4.360622536916354
IRONCLAD,Panacea+1,3000,0.448,-0.014956435472739837,0.47460533126293925
IRONCLAD,FollowUp+1,1220,0.44508196721311477,-0.2194493635935813,0.5896722350528147
IRONCLAD,Perfected Strike,1819488,0.19571165075010113,-0.03355311148281928,3.475713859916688
THE_SILENT,Caltrops,542174,0.30147148332454154,-0.05646540314442995,0.261452019099643
DEFECT,Fission,327247,0.24899846293472513,0.012381923854069415,-0.7474849218014086
IRONCLAD,Good Instincts,22794,0.27125559357725715,-0.08172331978911457,0.746979774163318
WATCHER,SashWhip+1,185669,0.20416978601705185,-0.09213201702054447,1.3669793094282277
DEFECT,Chill+1,84877,0.4584045147684296,0.006434509931614041,2.185309749075426
DEFECT,Purity,17253,0.15174172607662437,0.07386835716987045,-3.3847150016325465
THE_SILENT,Enlightenment+1,2222,0.31458145814581456,-0.09632464349690067,-0.8528983812349882
IRONCLAD,Secret Technique+1,1541,0.4289422452952628,0.10059139045523313,0.04244429927107696
THE_SILENT,Metamorphosis,14147,0.28988478122570155,-0.0681972655120753,-2.6409829585176183
IRONCLAD,Rage+1,121177,0.4362544047137658,-0.10852799246030298,0.18711273873474177
THE_SILENT,Well Laid Plans+1,100793,0.28687508061075667,0.01561036736037208,1.8624865513060236
WATCHER,InnerPeace,313244,0.2793062277330132,0.018575789183562563,0.9742139785165769
IRONCLAD,Dark Shackles,23463,0.40203725013851593,0.04327881244314574,-1.1022064227742963
WATCHER,Worship+1,64869,0.3233439701552359,-0.07050638136635701,-0.17880803102804954
THE_SILENT,Masterful Stab+1,100683,0.17697128611582888,-0.12177766198352624,0.6303472088510631
WATCHER,Fasting2,313977,0.12886931208336916,0.06081672094145879,-0.17252792672651296
IRONCLAD,Sentinel+1,93563,0.2572277502859036,0.0026397494783912956,0.09261302584886444
DEFECT,Reinforced Body+1,84208,0.30409224776743304,-0.040556793319095286,0.5238928193273296
WATCHER,Panacea+1,1546,0.4514877102199224,-0.0008379737254690101,0.14807806671352175
IRONCLAD,Offering,493682,0.40261747440660184,0.07626094312938281,1.6464453846655864
THE_SILENT,Expertise+1,102778,0.1650061297164763,0.006827663058198152,0.23348524787805225
DEFECT,Reboot,331711,0.27521848838295987,0.02009189909626724,0.13846776429922514
IRONCLAD,Fire Breathing+1,117981,0.3240437019520092,-0.11099291462745564,0.23058263784850475
WATCHER,Sanctity,313693,0.20177689651984584,0.002461004084260393,0.9527953098851114
DEFECT,Gash,1386760,0.29357206726470336,-0.03813558607103695,1.0358547279903796
THE_SILENT,Blur,540207,0.3764982682564276,0.01010538218658738,-0.13272935432711108
THE_SILENT,Acrobatics,1457622,0.17042758685036313,0.019478346100855,-0.2722907117586857
THE_SILENT,Flying Knee+1,271095,0.24157952009443184,-0.14689024124121813,0.7774553078681947
WATCHER,DeceiveReality,313235,0.26890034638530175,-0.042390411645404885,1.2370796149946308
IRONCLAD,Bludgeon,478094,0.2610804569812631,-0.07415114407009457,1.1407940187184877
DEFECT,Amplify+1,21473,0.334047408373306,0.004085941940396132,-1.82878480783123
THE_SILENT,After Image+1,18977,0.6995310112241134,0.104281247997696,1.9436141017688975
WATCHER,Dark Shackles,11158,0.39666606918802655,0.01829678728219436,-1.358330118118534
DEFECT,Master of Strategy+1,1206,0.5829187396351575,0.17495595417537446,0.9445460946978166
IRONCLAD,Anger,1802637,0.21764836736403392,-0.0662960561054841,2.9368452750776477
IRONCLAD,Exhume,371353,0.19619876505642878,0.028659103605878422,-1.7137279050016403
DEFECT,Skim+1,84914,0.30605082789645993,0.06349083147887485,0.7355538321475947
THE_SILENT,Night Terror+1,20799,0.35458435501706814,0.0033591341589058743,-1.31446869760207
IRONCLAD,Battle Trance+1,121967,0.4371838284126034,0.03637485244367433,1.9928723436292675
WATCHER,ReachHeaven+1,65475,0.33121038564337535,-0.13047292236362557,0.8678326747147249
DEFECT,Deep Breath,16598,0.22352090613326908,0.0345942484368752,-0.9026471897216055
THE_SILENT,Eviscerate,540835,0.0951158856213078,-0.040876088818511985,-0.6377003772333651
THE_SILENT,Quick Slash,1462775,0.15760728751858624,-0.06273523585687844,1.8326167931786408
WATCHER,Perseverance,312785,0.28846332145083686,-0.05975694736358683,0.01218340434096632
WATCHER,WindmillStrike,312684,0.28152064064678717,-0.07648429986396574,0.9590209095252717
THE_SILENT,Cloak And Dagger+1,230076,0.4746996644587006,-0.055839192083429856,1.455201194873089
DEFECT,Bandage Up,15747,0.5026989267797041,-0.09407013328365665,1.8433743458401057
DEFECT,Dark Shackles,15458,0.3976581705265882,0.043078067460349256,-0.813084600383366
WATCHER,Apotheosis,11321,0.7341224273474075,-0.01927841698809285,7.85563914613423
DEFECT,Reboot+1,22154,0.3404802744425386,0.07364693830792751,0.36425732174113534
THE_SILENT,Bane,1389229,0.20373314982627055,-0.07631100947162321,0.7973075803710437
THE_SILENT,Underhanded Strike+1,271162,0.1450018807945066,-0.08787670940662778,-0.020227794346748595
WATCHER,FlurryOfBlows,900138,0.3725051047728237,-0.03663825362432549,2.029490835576425
DEFECT,Steam+1,264356,0.2141770945240509,-0.08525950661143844,0.295864673110783
THE_SILENT,Distraction+1,103069,0.37936722001765805,-0.09020514883282416,0.02330876994787623
IRONCLAD,Mayhem,23131,0.43456832821754354,-0.028330029210898666,-0.674290843360378
DEFECT,Trip,16915,0.2373041678983151,-0.07633431428107201,0.7447536830148032
IRONCLAD,Trip,26894,0.3589648248680003,-0.04237216748212036,2.3730434999954326
IRONCLAD,Juggernaut+1,28236,0.42690182745431365,-0.03664802419516333,0.04287411628514448
DEFECT,Finesse,18601,0.42895543250362883,0.01752004160610926,0.630636014057707
DEFECT,Auto Shields,438087,0.2834596781004686,-0.0640243777240352,1.0810858480902823
THE_SILENT,Glass Knife,304776,0.22987046224112134,-0.08660920351542678,1.0184226228629463
THE_SILENT,Blind,17345,0.2769097722686653,-0.03426863419526671,1.0622587182644097
WATCHER,DeusExMachina,240007,0.469011320503152,-0.026393542919663004,0.29135609663294915
THE_SILENT,Blade Dance+1,277300,0.3887702848900108,-0.06262856831774327,0.7825483797024742
IRONCLAD,Infernal Blade+1,120760,0.45973832394832725,-0.11742022834743848,0.3204738901581532
DEFECT,Defragment+1,85335,0.8372180230854867,0.07216452318216338,2.2453970129623553
DEFECT,Loop+1,85052,0.671694963081409,-0.00883604472129118,1.0000896701531339
IRONCLAD,Metamorphosis+1,1449,0.3857832988267771,-0.08736708809873173,-0.987527888886655
THE_SILENT,Terror+1,103332,0.4261796926411954,-0.06974519117682676,0.7245022514209474
DEFECT,Good Instincts,14698,0.2387399646210369,-0.07831835510189555,0.780075370710879
THE_SILENT,Unload+1,18612,0.23549323017408125,-0.10957117827590729,0.7294008548640356
THE_SILENT,Bane+1,257322,0.284196454247985,-0.14696288162070514,0.2966314509645027
WATCHER,Flash of Steel+1,1560,0.5679487179487179,0.03332417895251555,-0.2801575446610993
DEFECT,Finesse+1,2065,0.43922518159806295,0.014944216256976506,0.2875085927339267
IRONCLAD,Dropkick,632565,0.25251159959846026,-0.03814176080261425,1.3880342194984436
THE_SILENT,Bouncing Flask+1,104133,0.4809522437651849,-0.07593739000105337,0.9782980068073126
WATCHER,MentalFortress,266163,0.3330327656360952,-0.009891017558045279,-0.5919346659137723
IRONCLAD,Reaper,490447,0.49866142518967393,0.0029356058260924522,1.0095667556031103
IRONCLAD,Heavy Blade+1,327535,0.38778451157891525,-0.024427320174806366,0.34276696569483533
WATCHER,Weave+1,65436,0.20089858793324775,-0.07172588116042444,-0.02059618360861748
DEFECT,Thinking Ahead,14736,0.22292345276872963,0.14767675970155147,-5.014335211895514
WATCHER,Magnetism,9332,0.2738962708958423,-0.0558308528859105,-3.8851229507439484
IRONCLAD,Forethought+1,2829,0.18628490632732414,-0.08917581774449079,-0.2673263246051203
WATCHER,Trip+1,1542,0.3638132295719844,-0.12213336822079401,-0.37013415318866016
IRONCLAD,Good Instincts+1,2943,0.33503227998640844,-0.0574004380177881,-0.47353651167442834
THE_SILENT,Flechettes,539870,0.0994035601163243,-0.05536999545207803,-0.1640365851870449
IRONCLAD,Hemokinesis,632732,0.10268170410221072,-0.07807907039799773,1.178585229054658
DEFECT,Beam Cell,1382890,0.1897584045007195,-0.047526395762867935,1.1908370506037969
WATCHER,EmptyBody,896104,0.20726277307098284,-0.06091974306870891,0.8645126707503721
WATCHER,Finesse,13009,0.4133292336075025,0.049597434175923605,-0.13055305051525679
WATCHER,Devotion+1,13645,0.6227922315866617,-0.08236269766762566,-0.27096580125391156
WATCHER,Swift Strike,9925,0.1853904282115869,-0.15007932026565565,3.2852958377026695
IRONCLAD,Discovery+1,2881,0.35022561610551894,-0.02105410281822573,0.1105520401853397
DEFECT,Secret Technique,14453,0.28049539887912545,0.14345763863959252,-5.1867670618209125
IRONCLAD,Dramatic Entrance+1,2934,0.45875937286980234,-0.10723067882821014,-0.043980485139288206
THE_SILENT,Backstab,544325,0.5168382859504891,-0.05713967143893281,2.2946530257881648
THE_SILENT,Calculated Gamble,539376,0.2252306368841031,0.02108566543793286,-0.8531343748941751
WATCHER,Study+1,63929,0.31143925292120944,-0.05399297748567067,0.8105782137431206
WATCHER,Halt+1,184986,0.2865514147016531,-0.11309596233000935,0.4057602231329831
WATCHER,FlyingSleeves+1,186055,0.18285453226196555,-0.12532385939978602,0.907462800080653
DEFECT,Turbo+1,233280,0.20582561728395063,-0.03297093797933914,0.24788593435816786
WATCHER,Deep Breath,11935,0.21784666945957268,0.019348811338634586,-0.6441611388076289
THE_SILENT,Night Terror,303062,0.23358916657317644,-0.0025598602389911573,-1.7877494712926385
DEFECT,Force Field,435856,0.1547391799126317,0.039817474606145736,-1.8423752967953035
WATCHER,FollowUp,898124,0.30355607911602406,-0.08516893748136299,1.5087923596778516
WATCHER,Swivel+1,64813,0.28781263018221653,-0.11851201748930756,0.11171517282853749
WATCHER,Metamorphosis,9071,0.34075625620108035,-0.08124055273212011,-1.043924642586255
DEFECT,Compile Driver,1379582,0.1067366782112263,-0.018511631880191115,1.4114618019808063
IRONCLAD,Rupture+1,117690,0.21020477525703118,-0.08341658680239089,-0.3833553213995007
WATCHER,Vault,237181,0.4361942988687964,0.14030356345833925,2.7439376919053444
WATCHER,LikeWater+1,63644,0.4249575765193891,-0.0803529813540374,0.5129018198556281
THE_SILENT,Tools of the Trade+1,18247,0.42949525949471146,0.005848191483611154,0.8187527280442772
THE_SILENT,Tactician,539517,0.2030909127979285,-0.0062237847924339895,-2.074710175534623
IRONCLAD,Flame Barrier,634683,0.4418568009541771,-0.036305855369890144,0.8969464731137791
IRONCLAD,Body Slam,1806449,0.18327724724030403,-0.0040548218005332926,0.1104353095465207
IRONCLAD,Metallicize,636073,0.4363445705131329,-0.02298483881296104,1.6955898708637527
THE_SILENT,Finisher,541591,0.23372434180036228,-0.042217935380399224,0.9236255972743486
IRONCLAD,Dark Embrace+1,116971,0.2148566738764309,0.04484720852472318,0.3766197006834915
WATCHER,Meditate+1,64899,0.2688485184671567,-0.03165009328235713,1.4144556839159659
DEFECT,Chrysalis,11993,0.31693487867922954,-0.05291017423457642,-4.272139623772938
DEFECT,Madness,16894,0.30259263643897244,-0.05129077431449636,-0.27867109293001313
WATCHER,Ragnarok+1,16919,0.4843075831904959,0.007776225947702331,1.7732447601256922
DEFECT,Dark Shackles+1,2040,0.43676470588235294,-0.03910588331824194,0.08173407999343496
THE_SILENT,Dash,542859,0.35493378575283824,-0.04841431937388571,2.793430549835527
IRONCLAD,Rage,636568,0.32719049653768334,-0.05010237175378479,0.6032459193952739
DEFECT,Skim,435283,0.1833427907820889,0.02842370987336179,-0.3241027871273374
THE_SILENT,Violence,14115,0.2036840240878498,0.07693284852235799,-5.539329104131207
WATCHER,Meditate,312933,0.22009503631767824,-0.01225590299196827,0.9551507370559129
DEFECT,Barrage+1,261481,0.24000214164700304,-0.05450253540840033,0.14497666593236147
THE_SILENT,Flash of Steel,16673,0.4407125292388892,-0.0009832005499116336,1.7793455351057563
THE_SILENT,Sucker Punch,1460381,0.13340422807472843,-0.0680823821410694,1.9131510511431742
THE_SILENT,Expertise,538474,0.08451290127285625,-0.003956198384796272,-0.9206585378554237
IRONCLAD,Feel No Pain,635160,0.21977926821588262,0.009524387546268526,-1.3996022953476626
WATCHER,BattleHymn,314384,0.4046866252735508,-0.07456112586616268,3.325028632866953
IRONCLAD,Shockwave,632318,0.3109954168630341,0.02861925692822742,2.699210047844197
WATCHER,Blasphemy+1,14600,0.22883561643835618,-0.047905032919356105,0.45510061736769103
THE_SILENT,HandOfGreed,15754,0.4350006347594262,-0.20927688235489783,6.982135986078227
IRONCLAD,Enlightenment+1,3053,0.44087782509007534,-0.1163981716748882,-0.5584756761556076
THE_SILENT,Blind+1,2286,0.33027121609798776,-0.02198018003209601,-0.12338384209775022
DEFECT,Enlightenment+1,1959,0.34711587544665645,-0.08082946235570065,-0.11228326357908358
IRONCLAD,Second Wind,631183,0.15434351051913628,-0.002733580653669576,-0.9771948160806048
IRONCLAD,Perfected Strike+1,343886,0.21800829344608388,-0.07555538083881508,0.8723165124186298
WATCHER,DevaForm+1,14808,0.6358049702863318,-0.08013737837418128,-0.12288619056252159
THE_SILENT,Swift Strike+1,1894,0.3416050686378036,-0.09093478134230037,-0.23502216757621852
WATCHER,Panache,9766,0.5237558877739095,-0.0011351892917425,-3.3181018051174327
WATCHER,Transmutation,8611,0.22297061897572873,-0.033125965226921766,-3.9233060267523534
IRONCLAD,Dark Shackles+1,3095,0.44975767366720515,-0.041172272055399195,-0.020851894223175904
THE_SILENT,Bullet Time,308307,0.36067296558300654,-0.044130212287136955,-0.7753562178510442
THE_SILENT,Deadly Poison,1464447,0.40173935963541185,-0.06011496706425694,2.2780232787155157
IRONCLAD,Feel No Pain+1,117726,0.28503474168832715,0.04050603841118561,0.6267500191509114
DEFECT,Recycle,366768,0.10908803385246259,0.006713546336299503,-2.0304046149205526
DEFECT,Darkness+1,84502,0.3214243449859175,-0.11856429159528226,0.2680691067443668
WATCHER,Vengeance+1,65029,0.21413523197342724,-0.06559286993453839,0.805892286816956
DEFECT,Rainbow+1,21472,0.3808681073025335,-0.0650100297712441,0.6145825710423871
DEFECT,BootSequence+1,84595,0.44430521898457354,-0.0806285270690616,0.4147954090521466
IRONCLAD,Purity,26883,0.18677230963806124,0.08058488079824139,-3.4737829776543148
WATCHER,Judgement+1,16455,0.40060771801883927,-0.17628210057890184,1.690426316260929
IRONCLAD,Inflame,638116,0.5853089406941685,-0.037079008189172896,3.3383711514380643
IRONCLAD,HandOfGreed,23348,0.48830734966592426,-0.1915561307977585,7.578975328033287
IRONCLAD,Master of Strategy,22226,0.42441284981553135,0.2002370488956293,-5.0160917834708805
THE_SILENT,PanicButton,14017,0.12491974031533139,-0.03879290797748702,-0.7183821166503073
DEFECT,Self Repair,436531,0.566745546135326,-0.03789014414365635,0.9044980438060612
WATCHER,EmptyFist,899476,0.2367978689814959,-0.062107833112023586,2.9561150317463003
THE_SILENT,Dagger Throw+1,270547,0.21126828240564485,-0.11056091553196656,1.071810313239217
WATCHER,TalkToTheHand+1,65341,0.5615463491529056,0.04601151270680781,1.4757890708662096
WATCHER,Jack Of All Trades,10407,0.2494474872681849,-0.11467185366770696,1.4762126285103445
IRONCLAD,Bloodletting+1,120755,0.22631775081777153,-0.044318067433177066,-0.0019602844458024293
THE_SILENT,Predator,540666,0.18485719464512287,-0.0437511790038794,2.390624098067594
IRONCLAD,Wild Strike+1,284868,0.16642795961638374,-0.13528410683237663,0.26428969814786996
IRONCLAD,Enlightenment,21239,0.4489382739300344,-0.09112012583778656,0.013012524279186977
IRONCLAD,Spot Weakness,603311,0.5154621745666829,-0.03762397267871506,2.991986901389332
THE_SILENT,Deep Breath+1,2346,0.33418584825234443,0.040595847814157704,0.8943465990749697
DEFECT,Blind+1,1958,0.3539325842696629,-0.05718050065876157,0.42803187151013233
DEFECT,White Noise,436741,0.4905310012112442,-0.010644808372132997,0.297915058581939
THE_SILENT,Catalyst+1,98831,0.6184092035899668,0.035317435731583635,0.5425902338118167
THE_SILENT,Concentrate+1,68907,0.20823718925508294,-0.004214528254152805,-0.23247324973922012
IRONCLAD,Disarm+1,120730,0.3841547254203595,0.012878383454728526,1.2276034684664303
DEFECT,Compile Driver+1,261316,0.16084740314408608,-0.043621328776652424,1.0745843011362854
DEFECT,Biased Cognition+1,21208,0.4199830252734817,0.0642170816454199,1.770492553338677
DEFECT,Enlightenment,13610,0.39096252755326966,-0.07869585042265104,-0.24033851444694143
THE_SILENT,Impatience+1,2263,0.22713212549712772,0.035820357602899255,0.2507369413984204
THE_SILENT,Conserve Battery,1437,0.36464857341684065,-0.14277442873506518,0.21163766795147332
DEFECT,Hyperbeam,262223,0.1248708160611388,-0.09212353246601064,1.1459655371552735
THE_SILENT,All Out Attack,540959,0.25038311591081763,-0.08629420336389478,1.8107947060009266
THE_SILENT,Dodge and Roll+1,277395,0.31105102831702086,-0.062429085754609426,0.7271139898360488
DEFECT,Leap,1375787,0.22013800101323824,-0.05499890321041029,1.0706679791892775
WATCHER,PanicButton,9188,0.11329995646495429,-0.062283258855324986,-0.5942347548239155
DEFECT,Static Discharge+1,84188,0.495355632631729,-0.0572584896625668,1.6456046805942428
DEFECT,Chaos+1,84536,0.4401201854831078,-0.06383258295285055,0.7936240936037624
THE_SILENT,Noxious Fumes+1,101125,0.6694882571075401,-0.08191248885156399,1.505271554798675
THE_SILENT,Wraith Form v2,304165,0.20600003287689247,0.05134079773409056,0.3295616474039953
DEFECT,FTL+1,83210,0.36359812522533347,-0.06089771889994128,1.3048113787971722
IRONCLAD,Anger+1,345265,0.24553314121037464,-0.14256659367882427,0.2033093499143721
WATCHER,Swivel,313094,0.19926284119146326,-0.06785781122859444,-0.5264915552263822
IRONCLAD,Apotheosis+1,1621,0.6421961752004935,-0.06276955182351185,-0.31136672297856904
DEFECT,Redo,1376341,0.22219275601032012,-0.0640337601641512,0.08209160024439655
WATCHER,LessonLearned,235786,0.48193276954526565,-0.04490048153352119,2.611066190040539
THE_SILENT,Escape Plan+1,103985,0.4425542145501755,0.05137177659181147,0.8795722760851721
IRONCLAD,Power Through+1,120341,0.3234142977040244,-0.02537540471546812,0.615764594064931
DEFECT,Multi-Cast+1,21461,0.2907599832253856,-0.060093321642332886,-0.9527490381035655
DEFECT,HandOfGreed,14730,0.46211812627291243,-0.2018074807394464,7.862025399049369
DEFECT,Deep Breath+1,2069,0.32866118898018365,0.012203023758099452,0.6294647016473984
DEFECT,Impatience+1,1975,0.26784810126582276,0.05816580253982695,1.0369012228505987
IRONCLAD,Bloodletting,633300,0.1207753039633665,-0.04516350877716471,-1.3871406378853877
IRONCLAD,Impervious,493275,0.4078678222087071,0.03847853758644215,0.09913279108642215
IRONCLAD,Iron Wave+1,345985,0.30925907192508345,-0.11258217540619131,0.9647583277561758
DEFECT,Capacitor,438565,0.5782426778242677,-0.014111284301783378,-0.7665588152581293
THE_SILENT,Venomology+1,21705,0.4956000921446671,0.017215120120098182,1.4946723223687677
IRONCLAD,Flash of Steel,22852,0.4215385961841414,0.0012996135100467043,2.031664861597731
DEFECT,Flash of Steel+1,1835,0.5111716621253406,0.04195220742917044,0.2946519195708035
DEFECT,Scrape,435982,0.1222252294819511,-0.034327822637650496,0.20270233782918368
WATCHER,Nirvana,313877,0.13418313543203228,-0.057462790322337476,-2.5984987742907393
WATCHER,SandsOfTime+1,65938,0.39684248839819225,-0.10439538686722533,1.0550090703142576
WATCHER,Conclude+1,65720,0.2505629945222155,-0.16225392978680278,1.8066880844315207
IRONCLAD,Seeing Red+1,121558,0.5349956399414272,-0.05151573161444595,0.10515198839648754
THE_SILENT,Storm of Steel+1,16971,0.23216074479995286,-0.0895897794677043,-0.7854688760538586
IRONCLAD,Backflip,2232,0.35304659498207885,-0.02850232715103282,0.5423246199924066
IRONCLAD,Acrobatics,2258,0.22984942426926483,0.04543062309634688,-1.189142653907135
IRONCLAD,Leap,2311,0.2444829078321073,-0.15175217184157977,-0.09942422122879968
IRONCLAD,Violence,21245,0.261332078136032,0.10606931429806529,-4.760476159913438
THE_SILENT,Dodge and Roll,1458139,0.1427607381737955,-0.028621854700945804,0.05181263763272881
IRONCLAD,Twin Strike+1,345328,0.26950319696057085,-0.10442038309837776,1.1152787104129
DEFECT,Static Discharge,438859,0.39666270943514886,-0.04294438958600866,1.5686786128426355
THE_SILENT,Bandage Up,17185,0.5336630782659296,-0.08061296177333543,1.754425870199837
THE_SILENT,Envenom+1,18792,0.6549595572584078,-0.11546223528248933,-0.9992741313484466
THE_SILENT,Outmaneuver+1,276962,0.25914746427307717,-0.10243360323736456,-0.7994167299362829
WATCHER,ConjureBlade,230669,0.23566235601662988,-0.06717881738342599,-1.527345301880711
THE_SILENT,Flechettes+1,100796,0.15179173776737173,-0.08884964690470554,0.028750815693857845
DEFECT,Electrodynamics,341196,0.730454049871628,-0.05881065008495712,3.6588035790847826
WATCHER,DevaForm,239424,0.5645382250735097,-0.05287608208168146,-1.0635478589876008
DEFECT,Self Repair+1,84573,0.5962422995518665,-0.12645805573802904,2.089814522558486
THE_SILENT,Trip+1,2240,0.3169642857142857,-0.091908312620823,-0.2921476571849393
DEFECT,Bandage Up+1,2155,0.5206496519721577,-0.11975486313508066,-0.17186240860860735
IRONCLAD,Violence+1,1559,0.36433611289288004,0.04518483250664429,-0.18976243941956383
IRONCLAD,Conserve Battery+1,1244,0.4678456591639871,-0.1262030086896938,-0.5488574661807917
THE_SILENT,After Image,321577,0.5939261825317109,0.05712697137270284,1.6145409898659153
THE_SILENT,Leg Sweep,539032,0.33445880764036273,-0.007847162976940852,1.4929176559807011
IRONCLAD,Sadistic Nature,21017,0.24189941475948043,-0.05706673544405039,-1.9494146243689698
DEFECT,Doom and Gloom,437672,0.3117882798077099,-0.06497626546822283,2.791608190631745
WATCHER,Ragnarok,233090,0.354888669612596,0.005667712629359195,1.7333576062903049
IRONCLAD,Dual Wield+1,120010,0.31950670777435214,-0.044832045253056785,-0.2767992228439855
DEFECT,Hologram+1,265824,0.3087757313109426,-0.0010427551375827293,1.225763170880004
WATCHER,DeusExMachina+1,17058,0.4773126978543792,-0.05093300180213062,-0.2717235919759382
IRONCLAD,Master of Strategy+1,1749,0.6014865637507147,0.15467429668705102,1.1606982123276826
DEFECT,Hello World,436189,0.18228107540538618,-0.021379021407621462,1.2933883334371217
WATCHER,Blasphemy,209886,0.20490647303774429,-0.016165999768230993,0.5446143511462012
WATCHER,LikeWater,316061,0.3351663128320166,-0.05402085883890487,0.043247762725503236
DEFECT,Heatsinks+1,83655,0.2907178291793676,0.07131207228803449,0.8398482267000915
DEFECT,Transmutation,12468,0.2318735964068014,-0.028119405902537975,-3.8959721216088052
IRONCLAD,Beam Cell,2305,0.25683297180043385,-0.11280687429986908,2.295640649405973
WATCHER,Enlightenment,9787,0.3923572085419434,-0.10033604128131834,0.02680216040300465
DEFECT,Trip+1,2037,0.2704958271968581,-0.057557163898747654,-0.6348325447674963
THE_SILENT,Sucker Punch+1,271587,0.19430974236616627,-0.11209909644043892,1.0997362097084533
DEFECT,Creative AI,329814,0.481441054655048,-0.02761252871942227,-1.6293059903616793
THE_SILENT,Dash+1,102070,0.3780444792789262,-0.10231578625462229,1.3567662138034589
DEFECT,Steam Power+1,83911,0.13320065307289866,0.032537549348887085,0.39667415446901977
WATCHER,BowlingBash,898530,0.16771059397015126,-0.05033999892270968,3.0282075603949465
WATCHER,FearNoEvil,313848,0.4325820142234457,-0.017190982538781152,3.631614413088389
DEFECT,Flash of Steel,14991,0.4009739176839437,-0.015812750862468583,1.5953689764755712
DEFECT,Master of Strategy,13975,0.438783542039356,0.17695741916188035,-4.725085477645564
THE_SILENT,Mind Blast+1,1805,0.4199445983379501,-0.08591326393036519,-0.24380627650807796
THE_SILENT,Panacea+1,2427,0.4680675731355583,0.03056711687631597,0.650185193266493
IRONCLAD,Clash+1,344831,0.19648755477320776,-0.09496088877763009,0.8862475179742635
WATCHER,Alpha,191903,0.3693115792874525,-0.1068515206776951,-1.946699037552527
WATCHER,HandOfGreed,10125,0.44908641975308644,-0.13624454454936738,11.428774270530736
WATCHER,EmptyFist+1,186367,0.25777632306148623,-0.12009224298280327,1.5725881230732117
THE_SILENT,Purity,18856,0.1621234620280017,0.12107553794196119,-2.926799112741614
DEFECT,Capacitor+1,84593,0.6345442294279668,-0.0002152019309805131,0.8200935220089711
DEFECT,Swift Strike,13970,0.1717967072297781,-0.13735414866032847,3.381303298761164
DEFECT,Go for the Eyes,1380104,0.21420124860155468,-0.028767102503040376,1.9977067953745262
THE_SILENT,Skewer,539927,0.1356720445541712,-0.06330847344347366,1.210180283709498
IRONCLAD,Fiend Fire,473684,0.2004754224335211,-0.023622867349265025,0.3087231727475235
IRONCLAD,Clothesline+1,345160,0.16612585467609225,-0.07625888603157271,0.9546472348806727
DEFECT,Rebound+1,244534,0.16106962630963384,-0.11821909328411617,0.37552704019845073
WATCHER,Indignation,313522,0.22462538514043673,-0.045909425541546256,-0.02963646798284003
DEFECT,Buffer,334358,0.43828770359913627,0.0028417044879920084,-0.08773958082787559
DEFECT,Genetic Algorithm+1,84666,0.26715564689485743,-0.14896385180877697,1.9082620512950879
THE_SILENT,Die Die Die+1,19482,0.5009239297813366,-0.09115344726134966,1.4749262217908878
IRONCLAD,Seeing Red,633225,0.3725184571045047,-0.029242550729644462,-0.6738198843546215
WATCHER,DeceiveReality+1,64953,0.3524548519698859,-0.08618440013028422,0.9684226027516338
IRONCLAD,Impervious+1,31650,0.4969668246445498,0.04333310415963676,-0.6220118544257538
WATCHER,WreathOfFlame+1,65072,0.17285468404229162,-0.12212663939833196,-0.7684182300925375
DEFECT,Magnetism,14079,0.30605866893955536,-0.01156074513057695,-2.9657658757597893
DEFECT,Double Energy+1,85033,0.48169534180847434,-0.020868974773564586,-0.19011339374535652
IRONCLAD,Uppercut+1,121620,0.34024831442197007,-0.03823932264894575,2.0000862253287774
WATCHER,Scrawl+1,17142,0.4549060786372652,0.16619500587611152,2.328223127329803
THE_SILENT,Finesse,20255,0.45939274253270795,0.05762782811813749,0.26760802730402133
IRONCLAD,Jack Of All Trades+1,2907,0.33780529755761957,-0.07460734784563705,-0.010467373766763544
DEFECT,Panacea,18697,0.4186767930684067,0.013991215024019232,-0.9916768461944692
IRONCLAD,Bandage Up,24077,0.4576982182165552,-0.07067085584677102,0.6063210838641737
IRONCLAD,Deep Breath,26074,0.20250057528572524,0.06047903897103185,-1.2037771312237524
WATCHER,Worship,313316,0.253686374139846,-0.06236014400034075,-1.7017148140144194
THE_SILENT,Glass Knife+1,19036,0.33972473208657283,-0.0892690286836394,1.9905234778677645
WATCHER,Crescendo,896177,0.17520199692694635,-0.04824803971095398,0.6637112716599489
DEFECT,Biased Cognition,327721,0.33704584082191863,0.04436444880190771,1.659857325625147
THE_SILENT,Backflip+1,279215,0.45331375463352613,0.010520966781948193,1.6429473439201736
THE_SILENT,Infinite Blades+1,100872,0.4503925767309065,-0.062499428287859315,1.2126356958765836
THE_SILENT,Discovery+1,2241,0.34181169120928157,-0.06856750896136654,-0.8270478382086122
IRONCLAD,Secret Technique,22708,0.2417650167341906,0.1625953988508235,-6.687092954147827
WATCHER,Thinking Ahead,9997,0.24367310193057917,0.12580540883789404,-5.280555043392017
IRONCLAD,The Bomb+1,1524,0.37139107611548555,-0.07756515709258838,-0.7703585945395659
WATCHER,Brilliance+1,16719,0.3519947365273043,-0.030830064075005992,1.1181281308771958
WATCHER,Secret Weapon,9566,0.28622203637884175,0.09300925634702295,-5.0376525054955685
THE_SILENT,Mind Blast,15190,0.2236998025016458,-0.08875591676163563,-0.3466847966279154
